{
    "available_space": true,
    "size_max": 25.700937271118164,
    "size_mean": 9.15797926982244,
    "size_min": 1.1010799407958984,
    "total_size": 439.58300495147705,
    "video_list": {
        "QUE SE LOS CUENTE LA LUNA-CADETES DE LINARES-UQ1DrfxF-Gw.mp4": {
            "size": 7.335752487182617
        },
        "QUE TAL TE VA SIN MI - RAPHAEL-WnYGOD8G3c8.mp4": {
            "size": 13.488146781921387
        },
        "QUIERO DORMIR CANSADO_ - EMMANUEL - 1980 (REMASTERIZADO) HD-vLyl3H7fRsE.mp4": {
            "size": 13.715988159179688
        },
        "Que Chulos Ojos-Z9K-_3ds9F0.mp4": {
            "size": 5.967726707458496
        },
        "Que Dios Perdone Mi Madre-SiAKMfBuO-0.mp4": {
            "size": 4.909826278686523
        },
        "Que Pasara-XVG7z2ccHG4.mp4": {
            "size": 5.683563232421875
        },
        "Que Rechine la Carreta-Ih6WeNNDOGU.mp4": {
            "size": 7.973285675048828
        },
        "Que Se Me Acabe La Vida - Conjunto Azabache-2QO_CBm_0x0.mp4": {
            "size": 11.158890724182129
        },
        "Que Te Importa-GnPsloWTs1w.mp4": {
            "size": 7.95175838470459
        },
        "Que Te Quede Claro - Los Herederos De Nuevo Leon-u7MdvMcL6Bo.mp4": {
            "size": 6.208624839782715
        },
        "Que Te Vaya Bonito-BAsyWwFvjmA.mp4": {
            "size": 2.885725975036621
        },
        "Que Turututu, Ay Que Tururu-QbFQeeo4QQE.mp4": {
            "size": 5.047950744628906
        },
        "Que corra la nicotina - Siniestro Total-5bdsCjUe1kM.mp4": {
            "size": 5.250852584838867
        },
        "Que la Dejen Ir al Baile Sola-oID7dcrLrKo.mp4": {
            "size": 4.607178688049316
        },
        "Que me arrastre el viento-8P72iS8cNgM.mp4": {
            "size": 10.663318634033203
        },
        "Que te quieran mas que yo-Marco Antonio Solis.mp4": {
            "size": 15.915833473205566
        },
        "Queen - Another One Bites the Dust (Official Video)-rY0WxgSXdEE.mp4": {
            "size": 13.636667251586914
        },
        "Queen - Bohemian Rhapsody (Lyrics In Spanish & English _ Letras en Ingl\u00e9s y en Espa\u00f1ol)-sBspSJWRT2E.mp4": {
            "size": 24.81278133392334
        },
        "Queen - Crazy Little Thing Called Love (Official Video)-zO6D_BAuYCI.mp4": {
            "size": 12.794487953186035
        },
        "Queen - Don't Stop Me Now (Official Video)-HgzGwKwLmgM.mp4": {
            "size": 13.752991676330566
        },
        "Queen - I Want It All (Official Video)-hFDcoX7s6rE.mp4": {
            "size": 15.220929145812988
        },
        "Queen - Somebody To Love (Official Video)-kijpcUv-b8M.mp4": {
            "size": 25.700937271118164
        },
        "Queen - Tear It Up (Official Lyric Video)-tXf5neOg5Y8.mp4": {
            "size": 8.195354461669922
        },
        "Queen - We Are The Champions (Official Live Video)-KXw8CRapg7k.mp4": {
            "size": 10.261049270629883
        },
        "Queen - We Will Rock You (Official Video)--tJYN-eG1zk.mp4": {
            "size": 10.171006202697754
        },
        "Queen \u2013 Bohemian Rhapsody (Official Video Remastered)-fJ9rUzIMcZQ.mp4": {
            "size": 23.882877349853516
        },
        "Quemar Los Poemas-jQHakpMr3wk.mp4": {
            "size": 3.2382287979125977
        },
        "Querer y perder-NcI7Q92scoY.mp4": {
            "size": 6.395360946655273
        },
        "Querida  -   Juan gabriel-EnX214riuPw.mp4": {
            "size": 9.252955436706543
        },
        "Questions of Travel-3nOativmdUc.mp4": {
            "size": 7.029158592224121
        },
        "Quiero Estar Loco-dPTPvbMXC1g.mp4": {
            "size": 8.514028549194336
        },
        "Quiero Que Vuelvas-KI7gqAgaAN0.mp4": {
            "size": 4.747108459472656
        },
        "Quiero estar loco - Conjunto Primavera.mp4": {
            "size": 8.57880973815918
        },
        "Quiero tenerte-NU2OIvL0Orw.mp4": {
            "size": 5.731867790222168
        },
        "Quiero ver - Caf\u00e9 Tacuba-cB7gPzorDz0.mp4": {
            "size": 9.250226020812988
        },
        "Quise Verte _ Kaos Etiliko _ Full Cover-LU1jshagGHQ.mp4": {
            "size": 10.685517311096191
        },
        "Quisiera Decir Tu Nombre - Jose Luis Perales-yEE_BsbfRZw.mp4": {
            "size": 8.8712158203125
        },
        "Quisiera Remix - Rafa Pabon x Maikel DelaCalle x Justin Quiles ft Jerry Di x Jambene-EOmJVYjMsKU.mp4": {
            "size": 14.56636905670166
        },
        "Quisiera ser Alcohol - Caifanes-dyQKS_51j7M.mp4": {
            "size": 4.998843193054199
        },
        "Quisiera-DcoMkmoa0gw.mp4": {
            "size": 5.273201942443848
        },
        "Quite A Picture ~ Bob Crewe (1960)-5OEpGFLvJAo.mp4": {
            "size": 7.423794746398926
        },
        "Qu\u00e9 Est\u00e1 Pasando-daW5gMfbEa8.mp4": {
            "size": 6.539736747741699
        },
        "Qu\u00e9 necesario es el rock & roll-S5jgpGVsxeM.mp4": {
            "size": 13.031120300292969
        },
        "Qu\u00e9 voy hacer-J9xxFnw5oLI.mp4": {
            "size": 5.152996063232422
        },
        "quiero cantarte a ti chuy vega-wpevSAjPMHk.mp4": {
            "size": 4.841986656188965
        },
        "\u00bfQui\u00e9n Es El Pendejo M\u00e1s Grande--GNhp6NHht68.mp4": {
            "size": 1.1010799407958984
        },
        "\u00bfQui\u00e9nes somos \u00bfDe d\u00f3nde venimos \u00bfA d\u00f3nde vamos-j_cOUWdgmSU.mp4": {
            "size": 5.773464202880859
        },
        "\u00bfQu\u00e9 Pas\u00f3 Con La Paz--a9rxoJ3Q3N8.mp4": {
            "size": 1.3924293518066406
        }
    }
}