{
    "available_space": true,
    "file_sizes": {
        "QUE SE LOS CUENTE LA LUNA-CADETES DE LINARES-UQ1DrfxF-Gw.mp4": 7.335752487182617,
        "QUE TAL TE VA SIN MI - RAPHAEL-WnYGOD8G3c8.mp4": 13.488146781921387,
        "QUIERO DORMIR CANSADO_ - EMMANUEL - 1980 (REMASTERIZADO) HD-vLyl3H7fRsE.mp4": 13.715988159179688,
        "Que Chulos Ojos-Z9K-_3ds9F0.mp4": 5.967726707458496,
        "Que Dios Perdone Mi Madre-SiAKMfBuO-0.mp4": 4.909826278686523,
        "Que Pasara-XVG7z2ccHG4.mp4": 5.683563232421875,
        "Que Rechine la Carreta-Ih6WeNNDOGU.mp4": 7.973285675048828,
        "Que Se Me Acabe La Vida - Conjunto Azabache-2QO_CBm_0x0.mp4": 11.158890724182129,
        "Que Te Importa-GnPsloWTs1w.mp4": 7.95175838470459,
        "Que Te Quede Claro - Los Herederos De Nuevo Leon-u7MdvMcL6Bo.mp4": 6.208624839782715,
        "Que Te Vaya Bonito-BAsyWwFvjmA.mp4": 2.885725975036621,
        "Que Turututu, Ay Que Tururu-QbFQeeo4QQE.mp4": 5.047950744628906,
        "Que corra la nicotina - Siniestro Total-5bdsCjUe1kM.mp4": 5.250852584838867,
        "Que la Dejen Ir al Baile Sola-oID7dcrLrKo.mp4": 4.607178688049316,
        "Que me arrastre el viento-8P72iS8cNgM.mp4": 10.663318634033203,
        "Que te quieran mas que yo-Marco Antonio Solis.mp4": 15.915833473205566,
        "Queen - Another One Bites the Dust (Official Video)-rY0WxgSXdEE.mp4": 13.636667251586914,
        "Queen - Bohemian Rhapsody (Lyrics In Spanish & English _ Letras en Ingl\u00e9s y en Espa\u00f1ol)-sBspSJWRT2E.mp4": 24.81278133392334,
        "Queen - Crazy Little Thing Called Love (Official Video)-zO6D_BAuYCI.mp4": 12.794487953186035,
        "Queen - Don't Stop Me Now (Official Video)-HgzGwKwLmgM.mp4": 13.752991676330566,
        "Queen - I Want It All (Official Video)-hFDcoX7s6rE.mp4": 15.220929145812988,
        "Queen - Somebody To Love (Official Video)-kijpcUv-b8M.mp4": 25.700937271118164,
        "Queen - Tear It Up (Official Lyric Video)-tXf5neOg5Y8.mp4": 8.195354461669922,
        "Queen - We Are The Champions (Official Live Video)-KXw8CRapg7k.mp4": 10.261049270629883,
        "Queen - We Will Rock You (Official Video)--tJYN-eG1zk.mp4": 10.171006202697754,
        "Queen \u2013 Bohemian Rhapsody (Official Video Remastered)-fJ9rUzIMcZQ.mp4": 23.882877349853516,
        "Quemar Los Poemas-jQHakpMr3wk.mp4": 3.2382287979125977,
        "Querer y perder-NcI7Q92scoY.mp4": 6.395360946655273,
        "Querida  -   Juan gabriel-EnX214riuPw.mp4": 9.252955436706543,
        "Questions of Travel-3nOativmdUc.mp4": 7.029158592224121,
        "Quiero Estar Loco-dPTPvbMXC1g.mp4": 8.514028549194336,
        "Quiero Que Vuelvas-KI7gqAgaAN0.mp4": 4.747108459472656,
        "Quiero estar loco - Conjunto Primavera.mp4": 8.57880973815918,
        "Quiero tenerte-NU2OIvL0Orw.mp4": 5.731867790222168,
        "Quiero ver - Caf\u00e9 Tacuba-cB7gPzorDz0.mp4": 9.250226020812988,
        "Quise Verte _ Kaos Etiliko _ Full Cover-LU1jshagGHQ.mp4": 10.685517311096191,
        "Quisiera Decir Tu Nombre - Jose Luis Perales-yEE_BsbfRZw.mp4": 8.8712158203125,
        "Quisiera Remix - Rafa Pabon x Maikel DelaCalle x Justin Quiles ft Jerry Di x Jambene-EOmJVYjMsKU.mp4": 14.56636905670166,
        "Quisiera ser Alcohol - Caifanes-dyQKS_51j7M.mp4": 4.998843193054199,
        "Quisiera-DcoMkmoa0gw.mp4": 5.273201942443848,
        "Quite A Picture ~ Bob Crewe (1960)-5OEpGFLvJAo.mp4": 7.423794746398926,
        "Qu\u00e9 Est\u00e1 Pasando-daW5gMfbEa8.mp4": 6.539736747741699,
        "Qu\u00e9 necesario es el rock & roll-S5jgpGVsxeM.mp4": 13.031120300292969,
        "Qu\u00e9 voy hacer-J9xxFnw5oLI.mp4": 5.152996063232422,
        "aquel consejo - pesado-kYJDpH7_4j8.mp4": 5.21343994140625,
        "quiero cantarte a ti chuy vega-wpevSAjPMHk.mp4": 4.841986656188965,
        "\u00bfQui\u00e9n Es El Pendejo M\u00e1s Grande--GNhp6NHht68.mp4": 1.1010799407958984,
        "\u00bfQui\u00e9nes somos \u00bfDe d\u00f3nde venimos \u00bfA d\u00f3nde vamos-j_cOUWdgmSU.mp4": 5.773464202880859,
        "\u00bfQu\u00e9 Pas\u00f3 Con La Paz--a9rxoJ3Q3N8.mp4": 1.3924293518066406
    },
    "size_max": 25.700937271118164,
    "size_mean": 9.0774784672017,
    "size_min": 1.1010799407958984,
    "total_size": 444.7964448928833,
    "video_list": {
        "QUE SE LOS CUENTE LA LUNA-CADETES DE LINARES-UQ1DrfxF-Gw.mp4": "https://github.com/circuitalmynds/music_q/blob/main/videos/QUE%20SE%20LOS%20CUENTE%20LA%20LUNA-CADETES%20DE%20LINARES-UQ1DrfxF-Gw.mp4?raw=true",
        "QUE TAL TE VA SIN MI - RAPHAEL-WnYGOD8G3c8.mp4": "https://github.com/circuitalmynds/music_q/blob/main/videos/QUE%20TAL%20TE%20VA%20SIN%20MI%20-%20RAPHAEL-WnYGOD8G3c8.mp4?raw=true",
        "QUIERO DORMIR CANSADO_ - EMMANUEL - 1980 (REMASTERIZADO) HD-vLyl3H7fRsE.mp4": "https://github.com/circuitalmynds/music_q/blob/main/videos/QUIERO%20DORMIR%20CANSADO_%20-%20EMMANUEL%20-%201980%20(REMASTERIZADO)%20HD-vLyl3H7fRsE.mp4?raw=true",
        "Que Chulos Ojos-Z9K-_3ds9F0.mp4": "https://github.com/circuitalmynds/music_q/blob/main/videos/Que%20Chulos%20Ojos-Z9K-_3ds9F0.mp4?raw=true",
        "Que Dios Perdone Mi Madre-SiAKMfBuO-0.mp4": "https://github.com/circuitalmynds/music_q/blob/main/videos/Que%20Dios%20Perdone%20Mi%20Madre-SiAKMfBuO-0.mp4?raw=true",
        "Que Pasara-XVG7z2ccHG4.mp4": "https://github.com/circuitalmynds/music_q/blob/main/videos/Que%20Pasara-XVG7z2ccHG4.mp4?raw=true",
        "Que Rechine la Carreta-Ih6WeNNDOGU.mp4": "https://github.com/circuitalmynds/music_q/blob/main/videos/Que%20Rechine%20la%20Carreta-Ih6WeNNDOGU.mp4?raw=true",
        "Que Se Me Acabe La Vida - Conjunto Azabache-2QO_CBm_0x0.mp4": "https://github.com/circuitalmynds/music_q/blob/main/videos/Que%20Se%20Me%20Acabe%20La%20Vida%20-%20Conjunto%20Azabache-2QO_CBm_0x0.mp4?raw=true",
        "Que Te Importa-GnPsloWTs1w.mp4": "https://github.com/circuitalmynds/music_q/blob/main/videos/Que%20Te%20Importa-GnPsloWTs1w.mp4?raw=true",
        "Que Te Quede Claro - Los Herederos De Nuevo Leon-u7MdvMcL6Bo.mp4": "https://github.com/circuitalmynds/music_q/blob/main/videos/Que%20Te%20Quede%20Claro%20-%20Los%20Herederos%20De%20Nuevo%20Leon-u7MdvMcL6Bo.mp4?raw=true",
        "Que Te Vaya Bonito-BAsyWwFvjmA.mp4": "https://github.com/circuitalmynds/music_q/blob/main/videos/Que%20Te%20Vaya%20Bonito-BAsyWwFvjmA.mp4?raw=true",
        "Que Turututu, Ay Que Tururu-QbFQeeo4QQE.mp4": "https://github.com/circuitalmynds/music_q/blob/main/videos/Que%20Turututu%2C%20Ay%20Que%20Tururu-QbFQeeo4QQE.mp4?raw=true",
        "Que corra la nicotina - Siniestro Total-5bdsCjUe1kM.mp4": "https://github.com/circuitalmynds/music_q/blob/main/videos/Que%20corra%20la%20nicotina%20-%20Siniestro%20Total-5bdsCjUe1kM.mp4?raw=true",
        "Que la Dejen Ir al Baile Sola-oID7dcrLrKo.mp4": "https://github.com/circuitalmynds/music_q/blob/main/videos/Que%20la%20Dejen%20Ir%20al%20Baile%20Sola-oID7dcrLrKo.mp4?raw=true",
        "Que me arrastre el viento-8P72iS8cNgM.mp4": "https://github.com/circuitalmynds/music_q/blob/main/videos/Que%20me%20arrastre%20el%20viento-8P72iS8cNgM.mp4?raw=true",