{
    "available_space": true,
    "id": "q",
    "size_max": 25.700937271118164,
    "size_mean": 9.15797926982244,
    "size_min": 1.1010799407958984,
    "total_size": 439.58300495147705
}